N,E2_mock_actual,E2_bound_theoretical
50,0.07841126239205903,0.0653427186600492
100,0.05658350910348419,0.047152924252903496
200,0.04274696725629835,0.03562247271358196
500,0.031070894243810307,0.025892411869841925
1000,0.025148226268215192,0.02095685522351266
2000,0.020770690158054408,0.01730890846504534
5000,0.016542008876957753,0.013785007397464796
