{
  "M": 220,
  "T": 41,
  "t_max": 3.0,
  "residuals": [
    1.34157389840402,
    1.3343953879506474,
    1.3261321393563168,
    1.3165437806201563,
    1.305370966597564,
    1.2922779913838467,
    1.2767974446642774,
    1.2583432045074474,
    1.2361939159649504,
    1.209391267816942,
    1.1766553883326196,
    1.136349301073857,
    1.0863793788385927,
    1.0240429321817726,
    0.9460030783121347,
    0.8484607317628166,
    0.7275474442331019,
    0.5802589960198409,
    0.4062165144999523,
    0.209635375008536,
    0.0,
    0.209635375008536,
    0.4062165144999518,
    0.5802589960198404,
    0.7275474442331015,
    0.8484607317628166,
    0.9460030783121347,
    1.0240429321817723,
    1.0863793788385927,
    1.136349301073857,
    1.1766553883326196,
    1.2093912678169418,
    1.2361939159649504,
    1.2583432045074474,
    1.2767974446642774,
    1.2922779913838467,
    1.3053709665975637,
    1.3165437806201563,
    1.3261321393563168,
    1.3343953879506474,
    1.34157389840402
  ],
  "spectrum": {
    "min": 0.0011810630203398476,
    "max": 152.5108436549603,
    "mean": 1.0,
    "std": 10.464224768228174,
    "eigvals": [
      0.0011810630203398476,
      0.001218543685156389,
      0.0012506660615207573,
      0.0012801976944632777,
      0.0013081803535524926,
      0.0013351449332780975,
      0.0013614073378513945,
      0.0013871746666113147,
      0.001412592145165805,
      0.0014377668442544568,
      0.0014627808576893552,
      0.0014876991614306094,
      0.0015125745666439302,
      0.0015374509828377325,
      0.0015623656475335097,
      0.001587350697109597,
      0.0016124343027404298,
      0.0016376415105713222,
      0.0016629948755331949,
      0.0016885149479147412,
      0.001714220652801072,
      0.0017401295901833672,
      0.0017662582754174219,
      0.0017926223342065962,
      0.0018192366624774233,
      0.0018461155588432518,
      0.0018732728354646409,
      0.0019007219117103227,
      0.0019284758940151402,
      0.001956547644602045,
      0.001984949841124959,
      0.002013695028897017,
      0.002042795667021133,
      0.0020722641694797895,
      0.0021021129420645654,
      0.002132354415831753,
      0.002163001077690478,
      0.002194065498589771,
      0.002225560359718127,
      0.002257498477057242,
      0.002289892824574603,
      0.0023227565563030818,
      0.002356103027524289,
      0.0023899458152272747,
      0.0024242987380193623,
      0.0024591758756117694,
      0.002494591588018999,
      0.0025305605345772196,
      0.0025670976928811283,
      0.0026042183777334627,
      0.002641938260190207,
      0.0026802733867832655,
      0.0027192401989810664,
      0.0027588555529769825,
      0.00279913673985027,
      0.002840101506179823,
      0.0028817680751616866,
      0.002924155168297047,
      0.002967282027713059,
      0.00301116843916666,
      0.003055834755805603,
      0.003101301922737899,
      0.0031475915024727465,
      0.003194725701305666,
      0.0032427273967016554,
      0.0032916201657486495,
      0.003341428314759077,
      0.003392176910076371,
      0.0034438918101760687,
      0.003496599699139439,
      0.003550328121571882,
      0.0036051055190659846,
      0.0036609612682999885,
      0.0037179257208565237,
      0.0037760302448799072,
      0.003835307268667461,
      0.003895790326318182,
      0.003957514105551112,
      0.004020514497828516,
      0.004084828650919308,
      0.004150495024038411,
      0.004217553445731425,
      0.004286045174649161,
      0.004356012963402609,
      0.004427501125672114,
      0.004500555606774112,
      0.004575224057887754,
      0.004651555914178856,
      0.004729602477047518,
      0.00480941700076426,
      0.004891054783760866,
      0.004974573264875283,
      0.005060032124862224,
      0.005147493393498343,
      0.005237021562651467,
      0.005328683705690306,
      0.005422549603655345,
      0.005518691878625593,
      0.005617186134768629,
      0.005718111107573322,
      0.00582154882182801,
      0.005927584758926656,
      0.0060363080341499275,
      0.006147811584595099,
      0.006262192368512044,
      0.006379551576828269,
      0.006499994857738234,
      0.006623632555279691,
      0.006750579962906288,
      0.0068809575931495824,
      0.007014891464539023,
      0.007152513407067019,
      0.007293961387579022,
      0.007439379856582951,
      0.007588920118116864,
      0.007742740724437894,
      0.007901007897456078,
      0.00806389597901235,
      0.008231587912270225,
      0.008404275756713904,
      0.008582161239452282,
      0.008765456345795225,
      0.008954383952327729,
      0.00914917850600905,
      0.009350086753176291,
      0.00955736852266469,
      0.009771297567728484,
      0.009992162471807078,
      0.010220267623783554,
      0.010455934268858224,
      0.010699501641838237,
      0.010951328190312078,
      0.011211792895922574,
      0.011481296702880499,
      0.011760264063745052,
      0.012049144613627194,
      0.012348414985135005,
      0.012658580777779673,
      0.012980178697011832,
      0.013313778879835276,
      0.01365998742578134,
      0.0140194491542999,
      0.014392850611952408,
      0.014780923355645036,
      0.015184447541243656,
      0.015604255850454166,
      0.01604123779290485,
      0.016496344425018104,
      0.01697059353236969,
      0.01746507532840402,
      0.017980958729092857,
      0.01851949827103521,
      0.019082041749569248,
      0.019670038663772756,
      0.02028504956730057,
      0.020928756437821366,
      0.021602974193838106,
      0.02230966350636521,
      0.023050945074489865,
      0.023829115559218614,
      0.02464666539939569,
      0.025506298768182722,
      0.026410955969083227,
      0.027363838618448624,
      0.028368438017762496,
      0.029428567186045387,
      0.030548397102037304,
      0.0317324978005723,
      0.03298588508066086,
      0.034314073718359546,
      0.035723138240798515,
      0.03721978251452906,
      0.03881141964010947,
      0.04050626393499244,
      0.0423134371410414,
      0.04424309142740808,
      0.04630655229415888,
      0.048516485143192525,
      0.05088709010454871,
      0.053434330731341025,
      0.05617620346322484,
      0.05913305638071143,
      0.06232796783061188,
      0.0657871981280593,
      0.06954073090992405,
      0.07362292506687457,
      0.0780733038417033,
      0.08293751509552227,
      0.0882685065278963,
      0.09412797265279813,
      0.10058814779340511,
      0.10773404299436021,
      0.11566625704898581,
      0.12450453642727952,
      0.13439232111375388,
      0.1455026012101649,
      0.15804553472843313,
      0.17227845891119603,
      0.18851919477881157,
      0.20716394373068042,
      0.22871168104491835,
      0.25379788840270245,
      0.2832419467530085,
      0.3181148976012127,
      0.35983822748351335,
      0.4103310363280302,
      0.4722346959637179,
      0.549265392190317,
      0.6467850463092444,
      0.772760080477533,
      0.9394411602572935,
      1.1664572165892997,
      1.4868681595039206,
      1.959913227707984,
      2.700478513136601,
      3.9559834065327277,
      6.343112778820078,
      11.777376218983349,
      28.944952453631082,
      152.5108436549603
    ]
  }
}