N,logN,E_N^2,E_N2_log2
50,3.912023005428146,0.006568439676524425,0.10052290157526603
100,4.605170185988091,0.004664343582242145,0.09891949770124665
500,6.214608098422191,0.0026098955137810937,0.10079769806307455
1000,6.907755278982137,0.002145312024018375,0.10236803189876648
5000,8.517193191416236,0.0013959749313325511,0.1012676229386199
10000,9.210340371976182,0.0012230129015891199,0.10374863667241689
